{
  "$schema": "https://json-schema.org/draft/2020-12/schema",
  "$id": "https://kristal.org/schemas/v3/resolved-claim-ir.schema.json",
  "title": "Resolved Claim-IR v3",
  "type": "object",
  "additionalProperties": false,
  "required": ["schema_version", "input", "resolution", "subject", "claims"],
  "properties": {
    "schema_version": { "type": "string", "const": "3.0" },

    "input": {
      "type": "object",
      "additionalProperties": false,
      "required": ["claim_ir_ref"],
      "properties": {
        "claim_ir_ref": {
          "type": "object",
          "additionalProperties": false,
          "properties": {
            "doc_id": { "type": "string", "minLength": 1 },
            "source_id": { "type": "string", "minLength": 1 },
            "source_url": { "type": "string", "format": "uri" },
            "run_id": { "type": "string", "minLength": 1 }
          }
        },
        "claim_ir_hash": {
          "type": "object",
          "additionalProperties": false,
          "required": ["alg", "value"],
          "properties": {
            "alg": { "type": "string", "enum": ["sha256"] },
            "value": { "type": "string", "pattern": "^[0-9a-fA-F]{64}$" }
          }
        }
      }
    },

    "resolution": {
      "type": "object",
      "additionalProperties": false,
      "required": ["run_id", "created_at", "resolver"],
      "properties": {
        "run_id": { "type": "string", "minLength": 1 },
        "created_at": { "type": "string", "format": "date-time" },

        "resolver": {
          "type": "object",
          "additionalProperties": false,
          "required": ["name", "version"],
          "properties": {
            "name": { "type": "string", "minLength": 1 },
            "version": { "type": "string", "minLength": 1 },
            "kind": {
              "type": "string",
              "enum": ["sentient", "hybrid", "human"]
            }
          }
        },

        "limits": {
          "type": "object",
          "additionalProperties": false,
          "properties": {
            "timeout_ms": { "type": "integer", "minimum": 1 },
            "max_candidates": { "type": "integer", "minimum": 1 },
            "max_hops": { "type": "integer", "minimum": 0 },
            "max_calls": { "type": "integer", "minimum": 1 }
          }
        },

        "summary": {
          "type": "object",
          "additionalProperties": false,
          "properties": {
            "entities_resolved": { "type": "integer", "minimum": 0 },
            "entities_ambiguous": { "type": "integer", "minimum": 0 },
            "entities_unresolved": { "type": "integer", "minimum": 0 },
            "properties_resolved": { "type": "integer", "minimum": 0 },
            "properties_ambiguous": { "type": "integer", "minimum": 0 },
            "properties_unresolved": { "type": "integer", "minimum": 0 },
            "warnings": { "type": "integer", "minimum": 0 }
          }
        },

        "notes": { "type": "string" }
      }
    },

    "subject": { "$ref": "#/$defs/entity_resolution" },

    "claims": {
      "type": "array",
      "items": { "$ref": "#/$defs/resolved_claim" }
    },

    "warnings": {
      "type": "array",
      "items": { "$ref": "#/$defs/warning" }
    },

    "errors": {
      "type": "array",
      "items": { "$ref": "#/$defs/error" }
    }
  },

  "$defs": {
    "qid": { "type": "string", "pattern": "^Q[1-9][0-9]*$" },
    "pid": { "type": "string", "pattern": "^P[1-9][0-9]*$" },
    "lang": { "type": "string", "pattern": "^[a-z]{2}(-[A-Z]{2})?$" },

    "resolution_status": {
      "type": "string",
      "enum": ["resolved", "ambiguous", "unresolved", "failed"]
    },

    "entity_candidate": {
      "type": "object",
      "additionalProperties": false,
      "required": ["id", "score"],
      "properties": {
        "id": { "$ref": "#/$defs/qid" },
        "score": { "type": "number", "minimum": 0, "maximum": 1 },
        "label": { "type": "string" },
        "description": { "type": "string" },
        "source": { "type": "string" }
      }
    },

    "property_candidate": {
      "type": "object",
      "additionalProperties": false,
      "required": ["id", "score"],
      "properties": {
        "id": { "$ref": "#/$defs/pid" },
        "score": { "type": "number", "minimum": 0, "maximum": 1 },
        "label": { "type": "string" },
        "description": { "type": "string" },
        "source": { "type": "string" }
      }
    },

    "entity_resolution": {
      "type": "object",
      "additionalProperties": false,
      "required": ["status"],
      "properties": {
        "status": { "$ref": "#/$defs/resolution_status" },

        "qid": { "$ref": "#/$defs/qid" },

        "surface": { "type": "string", "minLength": 1 },
        "lang": { "$ref": "#/$defs/lang" },

        "candidates": {
          "type": "array",
          "items": { "$ref": "#/$defs/entity_candidate" }
        },

        "decision": {
          "type": "object",
          "additionalProperties": false,
          "properties": {
            "method": {
              "type": "string",
              "enum": ["exact_match", "alias_match", "embedding_rank", "judge", "human"]
            },
            "score_threshold": { "type": "number", "minimum": 0, "maximum": 1 },
            "chosen_candidate_index": { "type": "integer", "minimum": 0 },
            "notes": { "type": "string" }
          }
        },

        "warnings": {
          "type": "array",
          "items": { "$ref": "#/$defs/warning" }
        }
      },
      "allOf": [
        {
          "if": { "properties": { "status": { "const": "resolved" } } },
          "then": { "required": ["qid"] }
        },
        {
          "if": { "properties": { "status": { "enum": ["ambiguous", "unresolved"] } } },
          "then": {
            "anyOf": [
              { "required": ["surface"] },
              { "required": ["candidates"] }
            ]
          }
        }
      ]
    },

    "predicate_resolution": {
      "type": "object",
      "additionalProperties": false,
      "required": ["status"],
      "properties": {
        "status": { "$ref": "#/$defs/resolution_status" },

        "pid": { "$ref": "#/$defs/pid" },

        "surface": { "type": "string", "minLength": 1 },
        "lang": { "$ref": "#/$defs/lang" },

        "candidates": {
          "type": "array",
          "items": { "$ref": "#/$defs/property_candidate" }
        },

        "decision": {
          "type": "object",
          "additionalProperties": false,
          "properties": {
            "method": {
              "type": "string",
              "enum": ["exact_match", "alias_match", "embedding_rank", "judge", "human"]
            },
            "score_threshold": { "type": "number", "minimum": 0, "maximum": 1 },
            "chosen_candidate_index": { "type": "integer", "minimum": 0 },
            "notes": { "type": "string" }
          }
        },

        "warnings": {
          "type": "array",
          "items": { "$ref": "#/$defs/warning" }
        }
      },
      "allOf": [
        {
          "if": { "properties": { "status": { "const": "resolved" } } },
          "then": { "required": ["pid"] }
        },
        {
          "if": { "properties": { "status": { "enum": ["ambiguous", "unresolved"] } } },
          "then": {
            "anyOf": [
              { "required": ["surface"] },
              { "required": ["candidates"] }
            ]
          }
        }
      ]
    },

    "normalized_value": {
      "type": "object",
      "additionalProperties": false,
      "properties": {
        "notes": { "type": "string" }
      }
    },

    "object_value": {
      "type": "object",
      "additionalProperties": false,
      "required": ["kind", "value"],
      "properties": {
        "kind": {
          "type": "string",
          "enum": ["item", "string", "quantity", "time", "monolingual_text", "coord", "url"]
        },
        "value": {},
        "normalized": { "$ref": "#/$defs/normalized_value" }
      },
      "allOf": [
        {
          "if": { "properties": { "kind": { "const": "item" } } },
          "then": {
            "properties": { "value": { "$ref": "#/$defs/entity_resolution" } }
          }
        },
        {
          "if": { "properties": { "kind": { "const": "string" } } },
          "then": { "properties": { "value": { "type": "string" } } }
        },
        {
          "if": { "properties": { "kind": { "const": "url" } } },
          "then": { "properties": { "value": { "type": "string", "format": "uri" } } }
        },
        {
          "if": { "properties": { "kind": { "const": "quantity" } } },
          "then": {
            "properties": {
              "value": {
                "type": "object",
                "additionalProperties": false,
                "required": ["amount"],
                "properties": {
                  "amount": { "type": "number" },
                  "unit_qid": { "$ref": "#/$defs/qid" },
                  "lower_bound": { "type": "number" },
                  "upper_bound": { "type": "number" }
                }
              }
            }
          }
        },
        {
          "if": { "properties": { "kind": { "const": "time" } } },
          "then": {
            "properties": {
              "value": {
                "type": "object",
                "additionalProperties": false,
                "required": ["iso8601"],
                "properties": {
                  "iso8601": { "type": "string", "pattern": "^-?\\d{4}-\\d{2}-\\d{2}" },
                  "precision": {
                    "type": "string",
                    "enum": ["year", "month", "day", "hour", "minute", "second"]
                  },
                  "calendar": { "type": "string" },
                  "timezone": { "type": "string" }
                }
              }
            }
          }
        },
        {
          "if": { "properties": { "kind": { "const": "monolingual_text" } } },
          "then": {
            "properties": {
              "value": {
                "type": "object",
                "additionalProperties": false,
                "required": ["text", "lang"],
                "properties": {
                  "text": { "type": "string" },
                  "lang": { "$ref": "#/$defs/lang" }
                }
              }
            }
          }
        },
        {
          "if": { "properties": { "kind": { "const": "coord" } } },
          "then": {
            "properties": {
              "value": {
                "type": "object",
                "additionalProperties": false,
                "required": ["lat", "lon"],
                "properties": {
                  "lat": { "type": "number", "minimum": -90, "maximum": 90 },
                  "lon": { "type": "number", "minimum": -180, "maximum": 180 },
                  "globe": { "type": "string" }
                }
              }
            }
          }
        }
      ]
    },

    "evidence_ref": {
      "type": "object",
      "additionalProperties": false,
      "required": ["source"],
      "properties": {
        "source": {
          "type": "object",
          "additionalProperties": false,
          "properties": {
            "source_id": { "type": "string", "minLength": 1 },
            "source_url": { "type": "string", "format": "uri" },
            "title": { "type": "string" },
            "retrieved_at": { "type": "string", "format": "date-time" }
          },
          "anyOf": [{ "required": ["source_url"] }, { "required": ["source_id"] }]
        },
        "quote": { "type": "string" },
        "page": { "type": "integer", "minimum": 1 },
        "offsets": {
          "type": "object",
          "additionalProperties": false,
          "properties": {
            "start_char": { "type": "integer", "minimum": 0 },
            "end_char": { "type": "integer", "minimum": 0 }
          }
        }
      }
    },

    "uncertainty": {
      "type": "object",
      "additionalProperties": false,
      "properties": {
        "confidence": { "type": "number", "minimum": 0, "maximum": 1 },
        "method": { "type": "string" },
        "notes": { "type": "string" }
      }
    },

    "resolved_claim": {
      "type": "object",
      "additionalProperties": false,
      "required": ["claim_id", "predicate", "object"],
      "properties": {
        "claim_id": { "type": "string", "minLength": 1 },

        "predicate": { "$ref": "#/$defs/predicate_resolution" },
        "object": { "$ref": "#/$defs/object_value" },

        "qualifiers": {
          "type": "array",
          "items": {
            "type": "object",
            "additionalProperties": false,
            "required": ["predicate", "object"],
            "properties": {
              "predicate": { "$ref": "#/$defs/predicate_resolution" },
              "object": { "$ref": "#/$defs/object_value" }
            }
          }
        },

        "evidence": {
          "type": "array",
          "items": { "$ref": "#/$defs/evidence_ref" }
        },

        "uncertainty": { "$ref": "#/$defs/uncertainty" },

        "notes": { "type": "string" }
      }
    },

    "warning": {
      "type": "object",
      "additionalProperties": false,
      "required": ["code", "message"],
      "properties": {
        "code": {
          "type": "string",
          "enum": [
            "AMBIGUOUS_SUBJECT",
            "AMBIGUOUS_PREDICATE",
            "UNRESOLVED_QID",
            "UNRESOLVED_PID",
            "VALUE_NORMALIZATION_NEEDED",
            "LOW_CONFIDENCE_RESOLUTION",
            "LIMIT_REACHED",
            "EVIDENCE_WEAK"
          ]
        },
        "message": { "type": "string" },
        "path": { "type": "string" }
      }
    },

    "error": {
      "type": "object",
      "additionalProperties": false,
      "required": ["code", "message"],
      "properties": {
        "code": {
          "type": "string",
          "enum": [
            "SCHEMA_INVALID",
            "RESOLUTION_FAILED",
            "INVALID_VALUE_SHAPE",
            "UNSUPPORTED_KIND"
          ]
        },
        "message": { "type": "string" },
        "path": { "type": "string" }
      }
    }
  }
}
